Combien d'organisations ont participé à l'exercice REMPAR25 ?;5 680 organisations;1 263 organisations;236 organisations;500 organisations;3;Ce nombre est inédit mais reste modeste à l'échelle de la Nation selon l'édito de Vincent Strubel.
Que vise la Revue nationale stratégique 2025 ?;Préparer la France à un environnement géopolitique dégradé et une résilience cyber de premier rang;Supprimer l'ANSSI;Remplacer la directive NIS 2;Créer une nouvelle monnaie numérique;2;Cette résilience s'entend comme la capacité à surmonter une vague massive d'attaques informatiques.
En combien de piliers est structurée la Stratégie nationale de cybersécurité 2026-2030 ?;Dix piliers;Cinq piliers;Deux piliers;Un seul pilier;3;Parue en janvier 2026, elle constitue le volet cyber de la Revue nationale stratégique.
En combien d'axes se décline le plan stratégique de l'ANSSI 2025-2027 ?;Dix axes;Deux axes;Sept axes;Quatre axes;5;Ces axes couvrent l'amplification de la réponse cyber, les expertises, l'action internationale et les enjeux sociétaux.
Combien d'agents comptait l'ANSSI en 2025 ?;1366 agents;658 agents;44 agents;3586 agents;3;La moyenne d'âge des agents était de 38 ans.
Quel était le budget de l'ANSSI en 2025 hors masse salariale ?;100 millions d'euros;29,6 millions d'euros;16,3 millions d'euros;44,2 millions d'euros;5;Ce budget inclut 16,3 millions d'euros apportés par un amendement gouvernemental pour la Stratégie nationale de cybersécurité 2026-2030.
Combien d'incidents confirmés l'ANSSI a-t-elle traités en 2025 ?;84762 incidents;3586 incidents;658 incidents;1366 incidents;5;Ce chiffre est en légère hausse de 0,4 % par rapport à 2024.
Sur quels quatre sites l'ANSSI est-elle implantée ?;Les Invalides, la tour Mercure, le Campus Cyber et ArteFact à Rennes;Uniquement Paris;Lyon, Marseille, Lille et Rennes;Bruxelles, Paris, Berlin et Rome;2;Cette implantation rapproche l'Agence de ses bénéficiaires et renforce les synergies public-privé.
Quels jalons la transposition de NIS 2 a-t-elle franchis en 2025 ?;Le rejet du projet de loi;Adoption en première lecture au Sénat le 12 mars et en commission spéciale à l'Assemblée le 10 septembre;La promulgation définitive de la loi;Un simple avis consultatif;3;Le texte s'inscrit dans le projet de loi relatif à la résilience des infrastructures critiques.
Quand l'ANSSI a-t-elle mis en ligne le service de pré-enregistrement NIS 2 ?;Le 24 novembre 2025;Le 18 septembre 2025;Le 31 mars 2025;Le 1er janvier 2025;2;Ce service permet aux futures entités assujetties d'anticiper l'obligation d'enregistrement.
Quelles sanctions prévoit le Cyber Resilience Act en cas de non-conformité ?;Une simple amende de 1000 euros;Jusqu'à 15 millions d'euros ou 2,5 % du chiffre d'affaires mondial;La fermeture immédiate de l'entreprise;Aucune sanction;3;Le règlement impose des obligations aux fabricants, importateurs et distributeurs de produits numériques.
Quelle agence assure la surveillance de marché du CRA en France ?;Le COFRAC seul;La DGCCRF seule;La CNIL seule;L'Agence nationale des fréquences (ANFR), avec le soutien de l'ANSSI;5;L'ANSSI joue par ailleurs le rôle d'autorité notifiante pour accréditer les organismes d'évaluation de conformité.
Quand l'ANSSI a-t-elle émis les deux premiers certificats EUCC de l'Union européenne ?;Le 20 mai 2024;Le 31 mars 2025;Le 18 septembre 2025;Le 29 avril 2025;3;Le Centre de certification national avait reçu l'accréditation du COFRAC le 28 mars 2025.
Combien de certificats EUCC ont été émis au niveau européen en 2025, dont combien de français ?;Un seul, français;Une dizaine, dont cinq français;Mille, dont dix français;Cent, dont cinquante français;3;Six centres d'évaluation français ont été autorisés à travailler sur ce schéma.
Qu'est-ce que la Mission Contrôles et Supervision de l'ANSSI ?;Le service qui gère les ressources humaines;Une antenne régionale de l'ANSSI;Le service communication de l'Agence;Une structure séparée fonctionnellement de l'accompagnement et du conseil, chargée du contrôle réglementaire;5;Elle peut proposer une clôture, des mesures d'exécution, ou la saisine d'une commission indépendante rattachée au SGDSN.
Quand la plateforme MesServicesCyber a-t-elle été lancée ?;En septembre 2025;En janvier 2024;En avril 2025;En 2020;4;Elle propose notamment un test de maturité cyber en trois minutes et le diagnostic Cyberdépart.
Combien de ressources ont été consultées sur MesServicesCyber en 2025 ?;Plus de 20 000 ressources;100 ressources;500 ressources;1 million de ressources;2;La plateforme a aussi permis plus de 9900 tests de maturité cyber.
Combien de fichiers JeCliqueOuPas a-t-il analysés depuis son ouverture par API ?;Plus de 10 millions de fichiers;658 fichiers;100 000 fichiers;1000 fichiers;2;Le service a été ouvert aux connexions via ProConnect en 2025.
Qu'est-il arrivé au programme France Relance dédié à la cybersécurité en 2025 ?;Il a été annulé sans résultat;Il a pris fin après quatre ans et 100 millions d'euros investis;Il a été prolongé de dix ans;Il vient de démarrer;3;Il a permis de faire progresser les bénéficiaires d'un score de maturité cyber de D+ à B en moyenne.
Combien de collectivités territoriales ont bénéficié des parcours de cybersécurité France Relance ?;707 collectivités territoriales, sur 945 entités au total;10 collectivités;5000 collectivités;87 collectivités;2;Le programme a aussi accompagné des établissements de santé et de recherche.
Combien de projets l'appel à manifestation d'intérêt AMIRALEC a-t-il sélectionnés en 2025 ?;Aucun projet;17 projets sur 74 dossiers, pour 6,8 millions d'euros;1000 projets;74 projets sur 17 dossiers;3;Cette initiative a permis la création de futurs CSIRT en Auvergne-Rhône-Alpes et à Mayotte.
Avec qui l'ANSSI a-t-elle signé une déclaration commune sur la souveraineté numérique en novembre 2025 ?;Le CCCS canadien;La CNIL;L'ENISA;Le BSI allemand;5;Cette déclaration a été faite en marge du sommet franco-allemand sur la souveraineté numérique.
À quel exercice international de cyberdéfense l'ANSSI a-t-elle participé du 28 avril au 9 mai 2025 ?;BlueOLEx25;Locked Shields;REMPAR25;ENDGAME;3;L'équipe franco-polonaise s'est classée deuxième parmi 41 nations participantes.
Qu'est-ce que l'opération ENDGAME à laquelle l'ANSSI a apporté son soutien en 2025 ?;Un sommet diplomatique sur l'IA;Un exercice de crise cyber français;Une opération judiciaire internationale de démantèlement de la cybercriminalité;Un programme de certification EUCC;4;Elle a rassemblé les autorités allemandes, danoises, françaises, néerlandaises, américaines, australiennes et britanniques.
Combien de participants et d'organisations ont pris part à l'exercice REMPAR25 du 18 septembre 2025 ?;5680 participants de 1263 organisations;100 participants de 10 organisations;200 participants de 50 organisations;1000 participants de 100 organisations;2;L'exercice s'est déroulé sur 19 sites d'accueil répartis dans 13 régions et 9 territoires ultramarins.
Quel scénario a simulé l'exercice REMPAR25 ?;Une panne électrique classique;Une pandémie informatique mondiale;Un black-out numérique d'ampleur inédite;Une attaque nucléaire;4;95 % des participants ont ensuite mis en place des actions concrètes de gestion de crise.
Quand et par qui la France a-t-elle pour la première fois attribué publiquement des cyberattaques au renseignement militaire russe ?;En 2024, par le Président de la République;Le 29 avril 2025, par le ministre de l'Europe et des Affaires étrangères;Jamais officiellement;Le 18 septembre 2025, par le Premier ministre;3;Cette attribution concernait le mode opératoire d'attaque APT28, porté par des publications simultanées dont celle de l'ANSSI.
Quels secteurs ont été visés par les campagnes APT28 en France selon le rapport ?;Uniquement associatif;Uniquement industriel;Uniquement bancaire;Gouvernemental, diplomatique et recherche;5;Le mode opératoire APT28 a été utilisé pour collecter des renseignements en France, en Europe, en Ukraine et en Amérique du Nord.
Qu'est-ce que le C4 ?;Le Centre de coordination des crises cyber, sous l'égide du SGDSN;Un nouveau CSIRT territorial;Un exercice de crise annuel;Un référentiel de certification;2;Il regroupe l'ANSSI, le COMCYBER, la DGA, la DGSE, la DGSI et le ministère de l'Europe et des Affaires étrangères.
Depuis quand l'ANSSI travaille-t-elle sur l'intelligence artificielle ?;Depuis sa création en 2009;Depuis 2020;Depuis 2017;Depuis 2025;4;L'Agence a élargi le périmètre de ses réflexions sur l'IA dès 2022.
Quelles sont les trois catégories d'enjeux de cybersécurité liés à l'IA identifiées par l'ANSSI ?;La cybersécurité, la confidentialité et la disponibilité;La cybersécurité de l'IA, face à l'IA, et par l'IA;Le coût, la performance et l'éthique;L'attaque, la défense et la neutralité;3;La priorité de l'Agence est donnée à la cybersécurité de l'IA elle-même.
Combien de partenaires ont co-signé l'analyse de risques publiée par l'ANSSI au Sommet pour l'action sur l'IA de février 2025 ?;Aucun partenaire, publication solitaire;2 partenaires seulement;19 partenaires internationaux et 5 partenaires nationaux;100 partenaires;4;Ce document s'intitule Développer la confiance dans l'IA à travers une approche par les risques cyber.
Quand le règlement européen sur l'intelligence artificielle, l'AI Act, est-il entré en vigueur ?;Le 11 février 2025;Le 20 novembre 2024;Le 1er janvier 2026;Le 1er août 2024;5;Ce texte catégorise les systèmes d'IA selon leur niveau de risque, de minimal à inacceptable.
Qui coordonne la gouvernance française de mise en œuvre du règlement IA depuis septembre 2025 ?;Le Parlement européen;L'ANSSI seule;La DGE et la DGCCRF, avec l'ANSSI en appui sur la cybersécurité;Le PEReN seul;4;Cette gouvernance décentralisée s'appuie sur les autorités sectorielles existantes.
Qu'est-ce que l'INESIA ?;L'Institut national pour l'évaluation et la sécurité de l'intelligence artificielle;Un exercice de crise cyber;Une agence de notation financière;Un référentiel de pare-feu;2;Piloté par le SGDSN et la DGE, il fédère les acteurs français de la sécurité de l'IA autour de trois pôles.
Qu'est-ce que le projet PANAME lancé en juin 2025 ?;Un nouveau système d'exploitation français;Une bibliothèque open source d'audit de confidentialité des modèles d'IA;Un dispositif d'alerte aux victimes;Un programme de formation SecNumedu;3;Il a été lancé par l'ANSSI, la CNIL, le PEReN et le PEPR Cybersécurité.
Qu'est-ce que la cryptographie post-quantique (PQC) ?;Une méthode de authentification biométrique;Un protocole de sécurisation du Wi-Fi;Un format de sauvegarde de données;Des algorithmes cryptographiques résistant à la menace d'un futur ordinateur quantique;5;Ce chantier reste prioritaire pour l'ANSSI dans la continuité des travaux engagés en 2024.
Qu'est-ce que CyCLONe ?;Un dispositif national d'alerte aux victimes;Le réseau européen rassemblant les agences de gestion de crise cybernétique;Un exercice de crise français;Un logiciel de chiffrement post-quantique;3;Il complète le CSIRT Network en établissant un lien entre coopération technique et politique.
