Quel service assure la coordination de la stratégie nationale de lutte contre les manipulations de l'information sous l'autorité du Premier ministre ?;Le Ministère de l'Intérieur;Le SGDSN;L'ARCOM;Le Ministère des Armées;3;Le Secrétariat général de la défense et de la sécurité nationale (SGDSN) assure la coordination de cette lutte en s'appuyant sur VIGINUM.
En quelle année a été créé VIGINUM, le service de vigilance et de protection contre les ingérences numériques étrangères ?;2018;2020;2021;2024;4;La volonté politique suite à l'assassinat de Samuel Paty s'est concrétisée par le décret du 13 juillet 2021 créant VIGINUM.
Comment se définit l'acronyme FIMI utilisé par l'Union européenne et le G7 ?;Foreign Information Manipulation and Interference;Fake Information and Malicious Interference;Foreign Intelligence and Media Infiltration;Federal Information Monitoring Initiative;2;L'Union européenne définit les FIMI comme des activités intentionnelles et coordonnées menées par des acteurs étatiques ou non.
Combien de critères cumulatifs définissent une ingérence numérique étrangère (INE) selon le décret de 2021 ?;Deux critères;Trois critères;Cinq critères;Quatre critères;5;Il y a quatre critères cumulatifs dont l'atteinte aux intérêts de la Nation, l'allégation inexacte, la diffusion automatisée et l'implication d'un acteur étranger.
Quel règlement européen impose aux très grandes plateformes d'atténuer les risques systémiques sur le discours civique ?;Le RGPD;Le DMA;Le DSA;L'EMFA;4;Le Règlement européen sur les services numériques (DSA) responsabilise les plateformes face aux risques pesant sur le débat public.
Quel pays est à l'origine du mode opératoire informationnel appelé Storm-1516 ciblant notamment la France ?;La Chine;La Russie;L'Iran;L'Azerbaïdjan;3;Storm-1516 est un réseau très probablement conduit par un service de renseignement russe actif depuis le mois d'août 2023.
Quel groupe azerbaïdjanais a été utilisé pour amplifier les idées indépendantistes en Nouvelle-Calédonie ?;Baku Initiative Group;Storm-1516;Doppelgänger;Honfleur Task Force;2;L'Azerbaïdjan s'est appuyé sur le Baku Initiative Group (BIG) et une activité inauthentique pour cibler les territoires ultra-marins français.
Quels sont les trois principes directeurs guidant l'action publique dans cette stratégie ?;Censure, Contrôle, Sanction;Prévention, Répression, Éducation;Veille, Attribution, Riposte;Ouverture, Action en réseau, Intégration;5;La stratégie repose sur l'ouverture, l'action en réseau et l'intégration systémique pour garantir une réponse respectueuse de la démocratie.
Comment la stratégie est-elle structurée globalement ?;3 piliers et 10 objectifs;4 piliers et 15 objectifs;5 piliers et 20 objectifs;2 piliers et 8 objectifs;3;La stratégie adopte une approche articulée autour de quatre grands piliers qui se déclinent en 15 objectifs stratégiques.
Quelle nouvelle structure sera créée au sein de VIGINUM d'ici 2027 pour fédérer l'expertise nationale ?;L'Observatoire de la haine en ligne;L'Institut national de l'investigation numérique;Le Haut Conseil du Numérique;L'Académie de la lutte contre les manipulations de l'information;5;L'Académie de la LMI sera chargée de publier des ressources techniques et de former un large réseau d'acteurs clés.
Quel dispositif civique vise spécifiquement à sensibiliser tous les jeunes citoyens aux mécanismes de manipulation ?;La Journée Défense et Citoyenneté (JDC);Le SNU uniquement;Le Pass Culture;La Réserve militaire;2;La JDC intégrera un module synthétique pour présenter les mécanismes techniques de manipulation et les bonnes pratiques de vérification.
Que prévoit l'objectif stratégique 8 pour assécher le financement des ingérences sur internet ?;L'interdiction de la publicité politique;La création d'un registre public des sites manifestement impliqués;La nationalisation des régies publicitaires;Une taxe sur les réseaux sociaux;3;Un registre public recensera les sites ou chaînes identifiés comme supports manifestes d'ingérences pour orienter les plateformes et les annonceurs.
Quelle instance nationale est le cœur opérationnel de la caractérisation des ingérences au sein de VIGINUM ?;Le COLMI;Le SGDSN;Le RCPE;Le PEReN;2;Le COLMI est l'instance de coordination opérationnelle animée par VIGINUM pour assurer une détection rapide et partagée.
En période électorale, quel dispositif spécifique est mobilisé pour coordonner la réponse de l'État ?;La task force Honfleur;Le RCPE (Réseau de coordination et de protection des élections);Le COLMI;L'ARCOM;3;Le RCPE réunit les administrations compétentes pour évaluer la menace et proposer des réponses sans altérer la sincérité du scrutin.
Quelles compétences particulières sont attribuées au parquet de Paris dans cette lutte judiciaire ?;La régulation des réseaux sociaux;La censure préalable des articles;La gestion du registre public;La centralisation du traitement de certaines infractions complexes;5;Le parquet de Paris dispose de sections spécialisées et d'une compétence exclusive pour centraliser et traiter de manière dissuasive les dossiers complexes.
Que signifie l'acronyme OSINT, domaine dans lequel la France souhaite structurer une filière souveraine ?;Investigation numérique en sources ouvertes;Système d'exploitation interne sécurisé;Réseau opérationnel de renseignement satellitaire;Stratégie en ligne d'intervention neutre;2;L'OSINT (Open Source Intelligence) consiste à collecter et analyser des données publiquement accessibles pour détecter des signaux de manipulation.
Quel projet européen majeur la France soutient-elle pour protéger la stabilité institutionnelle et les élections ?;Le Pare-feu Européen;Le Bouclier démocratique européen;La Coalition pour l'IA;Le Réseau FIMI;3;Le bouclier démocratique européen vise à ériger une capacité collective de réponse aux manipulations émanant d'acteurs étrangers.
Quelle autorité indépendante a vu ses prérogatives renforcées par la loi de 2018 contre les fausses nouvelles ?;La CNIL;L'ARCEP;L'ARCOM;L'ANSSI;4;La loi du 22 décembre 2018 a doté l'ARCOM et le juge des référés de nouvelles prérogatives en période électorale.
Quelle équipe remplacera l'équipe DATALAB de VIGINUM pour évaluer les risques systémiques liés à l'intelligence artificielle ?;Le Centre d'excellence IA x LMI;L'Observatoire des algorithmes;La Task Force IA générative;Le PEReN;2;Pour maximiser son impact technologique et scientifique, l'équipe DATALAB de VIGINUM sera transformée en centre d'excellence IA x LMI.
Quel domaine d'opération vise spécifiquement à contrer les atteintes ciblant nos armées dans l'espace numérique ?;La cybercriminalité;La lutte informatique d'influence (LII);L'OSINT militaire;Le renseignement électromagnétique;3;Pilotée par le COMCYBER, la LII agit sur les perceptions pour détecter et contrer les menaces visant les intérêts militaires français.
Quelle loi historique de la fin du 19ème siècle constitue toujours le socle réprimant les fausses nouvelles troublant la paix publique ?;La loi de 1881 sur la liberté de la presse;La loi de 1905 de séparation;La loi de 1884 syndicale;La loi de 1889 sur la nationalité;2;La loi de 1881 réprime les abus de la liberté d'expression dont la publication ou la reproduction de nouvelles fausses faites de mauvaise foi.
Quelle vulnérabilité due aux algorithmes à l'horizon 2030 est soulignée comme un risque fragmentant la réalité ?;La panne mondiale des serveurs;L'hyperpersonnalisation algorithmique;Le piratage des câbles sous-marins;L'absence de connexion internet;3;L'hyperpersonnalisation entraîne une polarisation car les individus n'accèdent plus aux mêmes récits, ce qui crée un terrain favorable à l'ingérence.
Comment la stratégie envisage-t-elle l'évolution de la génération synthétique (IA) et de ses effets d'ici 2030 ?;Elle disparaîtra spontanément;Elle sera interdite mondialement;Elle entraînera une fragilisation de la valeur de preuve des contenus;Elle remplacera totalement les journalistes;4;La banalisation des contenus générés artificiellement va affaiblir la valeur probante des images et sons isolés.
Quelle action internationale le Pilier 4 préconise-t-il envers les pays partenaires vulnérables aux ingérences ?;Leur imposer des sanctions économiques;Définir une stratégie de renforcement capacitaire (capacity building);Rompre toutes les relations diplomatiques;Mettre sous tutelle leurs médias nationaux;3;La France prévoit un appui solidaire pour renforcer les capacités de détection des partenaires lors de leurs échéances démocratiques sensibles.
Selon la stratégie, quel est le premier et le plus grand rempart contre la manipulation de l'information ?;L'intelligence artificielle militaire;La société elle-même et les citoyens;La censure préventive;Les algorithmes des très grandes plateformes;3;La stratégie martèle qu'une société instruite, capable de discernement et confiante dans ses institutions est le premier rempart contre la division.
