Quel est l'objectif principal de la Stratégie nationale de lutte contre les manipulations de l'information 2026-2030 ?,"Protéger le débat public, renforcer la résilience démocratique et garantir un environnement informationnel libre, ouvert et sécurisé."
Sous quelle autorité la coordination de la stratégie nationale est-elle assurée ?,"Le Secrétariat général de la défense et de la sécurité nationale (SGDSN), sous l'autorité du Premier ministre."
Quel service technique est chargé de la détection et de la caractérisation des ingérences numériques étrangères en France ?,Le service VIGINUM.
Définissez la « ligne de crête » mentionnée par Emmanuel Macron dans la stratégie.,"Protéger la démocratie sans censurer, défendre sans contraindre et agir sans trahir les libertés fondamentales."
"Selon la stratégie, quel est le premier rempart contre la manipulation de l'information ?","La société elle-même, par son instruction, son discernement et sa confiance dans les institutions."
Quels sont les quatre piliers structurants de la stratégie nationale ?,"Mobiliser la Nation, réguler les plateformes/l'IA, renforcer la capacité opérationnelle et assurer un espace international sécurisé."
Combien d'objectifs stratégiques (OS) composent la stratégie 2026-2030 ?,Quinze objectifs stratégiques.
"Dans le domaine informationnel, la France distingue l'Influence, la Lutte informationnelle et la _____.",Lutte contre la manipulation de l'information.
Quelle est la définition de l'Influence selon la Revue nationale stratégique ?,"Une stratégie proactive, ouverte et assumée visant à agir sur les perceptions étrangères pour favoriser les intérêts nationaux."
Qu'est-ce que la lutte informatique d'influence (LII) ?,Des opérations militaires menées exclusivement hors du territoire national pour agir sur les perceptions et contrer les atteintes aux armées.
Quel événement de 2020 a marqué un tournant dans la création d'un dispositif de réponse pérenne aux haines numériques ?,L'assassinat de Samuel Paty.
Citez les quatre critères cumulatifs définissant une Ingérence Numérique Étrangère (INE).,"Acteur étranger, faits inexacts/trompeurs, diffusion massive/artificielle et atteinte aux intérêts fondamentaux de la Nation."
Quel acronyme international correspond au concept français d'Ingérence Numérique Étrangère (INE) ?,FIMI (Foreign Information Manipulation and Interference).
Quel article de la Déclaration des droits de l'homme et du citoyen de 1789 fonde la liberté d'expression en France ?,L'article 11.
Quel article de la loi de 1881 sanctionne spécifiquement la publication de « nouvelles fausses » de mauvaise foi troublant la paix publique ?,L'article 27.
Quelle autorité de régulation a été renforcée par la loi du 22 décembre 2018 relative à la lutte contre la manipulation de l'information ?,L'ARCOM.
"Quel règlement européen, applicable depuis 2024, impose aux plateformes d'atténuer les « risques systémiques » ?",Le Digital Services Act (DSA).
Quel est l'objectif de l'European Media Freedom Act (EMFA) de 2024 ?,Protéger l'indépendance des rédactions et garantir l'accès des citoyens à une information fiable.
Quelles sont les trois pressions auxquelles le débat public numérique est soumis selon le diagnostic de la stratégie ?,"Les pressions stratégique, systémique et narrative."
Quel mode opératoire informationnel russe usurpe l'identité de médias légitimes pour diffuser des messages ?,RRN/Doppelgänger.
"Quel réseau, probablement lié au renseignement russe, a mené plus de 150 opérations informationnelles audiovisuelles depuis 2023 ?",Storm-1516.
Quel groupe a été créé par l'Azerbaïdjan pour amplifier les mouvements indépendantistes dans les territoires ultramarins français ?,Le BAKU INITIATIVE GRUP (BIG).
Comment l'intelligence artificielle générative agit-elle sur la menace informationnelle ?,En facilitant la création et la diffusion massive de contenus synthétiques hyperréalistes à faible coût.
Quel pays a formulé explicitement une posture diplomatique de soutien aux partis « patriotiques » européens dans sa stratégie de sécurité de 2025 ?,Les États-Unis.
Pourquoi les démocraties ouvertes sont-elles structurellement vulnérables aux manipulations ?,"Parce que leurs principes (liberté, transparence) peuvent être exploités de manière asymétrique par des acteurs hostiles sans contraintes."
Quel est l'effet recherché par les opérations de manipulation au-delà de la conversion des opinions ?,"La saturation de l'attention, l'instillation du doute et la polarisation de la société."
"Concernant le périmètre d'action publique, sur quoi se concentre l'analyse de l'État ?",Sur les manœuvres techniques et les procédés de manipulation plutôt que sur le contenu des opinions.
"À l'horizon 2030, quel risque pèse sur la « preuve » numérique en raison de l'IA ?",La banalisation des contenus synthétiques fragilise la valeur probante des éléments visuels ou sonores.
Quels sont les trois principes directeurs qui guident l'action publique dans cette stratégie ?,"L'ouverture, l'action en réseau et l'intégration."
Pourquoi le principe d'ouverture est-il privilégié dans la lutte contre les manipulations ?,"Pour permettre la transparence, la vérifiabilité des analyses et réduire l'efficacité des campagnes en dévoilant leurs mécanismes."
Quel est l'objectif de l'Objectif Stratégique 1 (OS1) ?,Porter une capacité collective de lutte en formant des professionnels qualifiés et en partageant les connaissances techniques.
Quelle structure sera créée au sein de VIGINUM d'ici 2027 pour fédérer la formation ?,L'Académie de la lutte contre les manipulations de l'information (Académie de la LMI).
Quelles sont les trois missions principales de l'Académie de la LMI ?,"Concevoir des ressources pédagogiques, former les acteurs clés et développer le renforcement capacitaire international."
Quel enseignement scolaire sera mobilisé pour renforcer l'esprit critique des élèves face aux manipulations ?,L'Éducation aux médias et à l'information (EMI) et l'Enseignement moral et civique (EMC).
Quelle plateforme de certification des compétences numériques sera utilisée pour former les élèves à la résilience informationnelle ?,La plateforme PIX.
"Dans l'enseignement supérieur, quel réseau sera mis en place pour répondre aux attaques informationnelles ?",Un réseau des communicants au sein des établissements d'enseignement supérieur et de recherche.
Quels parcours d'engagement civique seront mobilisés pour sensibiliser la jeunesse (OS3) ?,"La JDC, le Service militaire volontaire, le Service civique et la Réserve civique."
"Quelle nouvelle réserve, créée par la loi SREN de 2024, participera à l'effort de veille et d'analyse ?",La réserve citoyenne du numérique.
Quelle initiative citoyenne permet de créer des espaces d'échanges sur l'IA et ses risques de manipulation ?,L'initiative Café IA.
Pourquoi la stratégie soutient-elle spécifiquement des ressources comme Wikipédia ?,Parce qu'elles jouent un rôle central dans la vérification de l'information et bénéficient d'un fort capital de confiance.
Quelle autorité supervise les très grandes plateformes (VLOP) dans le cadre du DSA ?,La Commission européenne.
Quel arrêt de la CJUE de 2023 reconnaît aux États membres une capacité d'action ponctuelle contre un service établi dans un autre État ?,L'arrêt Google Ireland.
Définissez l'interopérabilité verticale dans le contexte des réseaux sociaux.,La possibilité pour des tiers de proposer des systèmes de recommandation ou de modération alternatifs sur une plateforme dominante.
Quel est le but du cadre de dialogue permanent avec les plateformes (OS6) ?,"Partager des signaux faibles, des analyses de risques et des pratiques de remédiation entre l'État et les acteurs privés."
Comment l'équipe DATALAB de VIGINUM va-t-elle évoluer (OS7) ?,Elle sera transformée en centre d'excellence IAxLMI pour évaluer les risques systémiques liés à l'intelligence artificielle.
Quel institut national sera partenaire de VIGINUM pour l'évaluation de la sécurité de l'IA ?,L'INESIA (Institut national pour l'évaluation et la sécurité de l'intelligence artificielle).
Quel mécanisme économique finance indirectement la manipulation en favorisant les contenus viraux et polarisants ?,L'économie de l'attention et la publicité programmatique.
Quel outil sera créé pour recenser les sites identifiés comme supports manifestes d'ingérences étrangères (OS8) ?,Un registre public des supports d'opérations de manipulation.
Quelle instance de coordination opérationnelle est animée par VIGINUM pour la détection (OS9) ?,Le COLMI.
Quel rôle le réseau diplomatique joue-t-il dans la détection des ingérences ?,Il assure une veille contextuelle à l'étranger et identifie les acteurs hostiles dans les zones sensibles.
Citez trois types de leviers de réponse de l'État face à une ingérence identifiée.,"Leviers communicationnels, diplomatiques, judiciaires, économiques, militaires ou techniques."
Quel compte sur les réseaux sociaux est utilisé par le MEAE pour des ripostes informationnelles immédiates ?,Le compte FRENCH RESPONSE.
Quel dispositif spécifique est chargé de protéger les scrutins contre les ingérences étrangères ?,Le Réseau de coordination et de protection des élections (RCPE).
Quels sont les membres du RCPE ?,"L'ARCOM, la CNCCFP, le SG du Gouvernement, le ministère de l'Intérieur, VIGINUM et un Comité éthique."
Qu'est-ce que le référé « anti-fake news » prévu par l'article L. 163-2 du code électoral ?,Une procédure permettant de faire cesser en 48h la diffusion massive de fausses informations pendant une campagne électorale.
Quelle évolution législative est proposée pour l'article L. 97 du code électoral (OS11) ?,Réévaluer le quantum de peine et étendre la circonstance aggravante d'ingérence étrangère aux atteintes à la sincérité du scrutin.
Quel parquet a une compétence exclusive pour centraliser le traitement des infractions d'ingérence les plus complexes ?,Le parquet de Paris.
Définissez l'OSINT (Open Source Intelligence).,"La capacité à collecter, traiter et analyser des données issues de sources ouvertes pour détecter des menaces."
Quel est l'enjeu de l'Objectif Stratégique 12 concernant l'OSINT ?,Soutenir l'émergence d'une filière souveraine d'outils et de compétences en investigation numérique.
Qu'est-ce que le « bouclier démocratique européen » ?,Un projet de l'UE visant à protéger la stabilité institutionnelle et l'intégrité électorale contre les déstabilisations numériques.
Dans quelle ville se situe le Centre d'excellence StratCom de l'OTAN auquel la France collabore ?,Riga (Lettonie).
Quel mécanisme du G7 permet de coordonner les réponses politiques face aux campagnes hostiles ?,Le G7 Rapid Response Mechanism (RRM).
Quel est l'objectif de la stratégie internationale de renforcement capacitaire (OS14) ?,"Appuyer les partenaires étrangers, notamment lors d'échéances démocratiques critiques, pour contrer les manipulations."
Pourquoi la France investit-elle les enceintes de standardisation technique ?,"Parce que les règles de l'espace numérique (algorithmes, protocoles) y sont définies, impactant la résilience démocratique."
Quelle organisation internationale est le cadre privilégié pour l'action contre la manipulation dans le monde francophone ?,L'Organisation internationale de la francophonie (OIF).